id,separationtype,cease_date,dete_start_date,role_start_date,position,classification,region,business_unit,employment_status,career_move_to_public_sector,career_move_to_private_sector,interpersonal_conflicts,job_dissatisfaction,dissatisfaction_with_the_department,physical_work_environment,lack_of_recognition,lack_of_job_security,work_location,employment_conditions,maternity/family,relocation,study/travel,ill_health,traumatic_incident,work_life_balance,workload,none_of_the_above,gender,age,aboriginal,torres_strait,south_sea,disability,nesb
4,Resignation-Other reasons,05/2012,2005.0,2006.0,Teacher,Primary,Central Queensland,,Permanent Full-time,False,True,False,False,False,False,False,False,False,False,False,False,False,False,False,False,False,False,Female,36-40,,,,,
6,Resignation-Other reasons,05/2012,1994.0,1997.0,Guidance Officer,,Central Office,Education Queensland,Permanent Full-time,False,True,False,False,False,False,False,False,False,True,True,False,False,False,False,False,False,False,Female,41-45,,,,,
9,Resignation-Other reasons,07/2012,2009.0,2009.0,Teacher,Secondary,North Queensland,,Permanent Full-time,False,True,False,False,False,False,False,False,False,False,False,False,False,False,False,False,False,False,Female,31-35,,,,,
10,Resignation-Other employer,2012,1997.0,2008.0,Teacher Aide,,,,Permanent Part-time,False,False,True,True,True,False,False,False,False,False,False,False,False,False,False,False,False,False,Female,46-50,,,,,
12,Resignation-Move overseas/interstate,2012,2009.0,2009.0,Teacher,Secondary,Far North Queensland,,Permanent Full-time,False,False,False,False,False,False,False,False,False,False,True,True,False,False,False,False,False,False,Male,31-35,,,,,
13,Resignation-Other reasons,2012,1998.0,1998.0,Teacher,Primary,Far North Queensland,,Permanent Full-time,False,False,False,False,False,False,False,False,False,False,True,False,False,False,False,False,False,False,Female,36-40,,,,,
15,Resignation-Other employer,2012,2007.0,2010.0,Teacher,Secondary,Central Queensland,,Permanent Full-time,False,False,False,True,True,False,False,False,False,False,False,False,False,False,False,False,False,False,Male,31-35,,,,,
17,Resignation-Other reasons,2012,,,Teacher Aide,,South East,,Permanent Part-time,False,False,False,False,False,False,True,False,False,False,False,True,False,False,False,False,False,False,Male,61 or older,,,,,
21,Resignation-Other employer,2012,1982.0,1982.0,Teacher,Secondary,Central Queensland,,Permanent Full-time,False,False,False,False,False,False,False,False,False,False,False,False,False,False,False,False,False,True,Male,56-60,,,,,
22,Resignation-Other reasons,2012,1980.0,2009.0,Cleaner,,Darling Downs South West,,Permanent Part-time,False,False,True,False,False,False,False,False,False,False,False,False,False,False,False,False,False,False,Female,51-55,,,,,
23,Resignation-Other reasons,2012,1997.0,1998.0,School Administrative Staff,,Metropolitan,,Permanent Part-time,False,False,False,False,True,False,True,False,False,False,False,False,False,False,False,True,False,False,Female,46-50,,,,,
24,Resignation-Other reasons,2012,1973.0,2012.0,Teacher,Primary,North Queensland,,Permanent Full-time,False,False,False,True,False,False,False,False,True,False,True,False,False,False,False,True,False,False,Female,61 or older,,,,,
26,Resignation-Other reasons,2012,1995.0,2002.0,Teacher,Primary,South East,,Permanent Part-time,False,False,False,False,False,False,False,False,False,False,False,False,False,False,False,True,False,False,Female,41-45,,,,,
28,Resignation-Other employer,2012,2005.0,2011.0,Public Servant,AO5-AO7,Central Office,Information and Technologies,Permanent Full-time,True,False,False,False,False,False,False,False,False,False,False,False,False,False,False,False,False,False,Female,21-25,Yes,,,,
34,Resignation-Other reasons,2012,2003.0,2003.0,Teacher,Secondary,,,Permanent Full-time,False,False,True,False,False,False,True,False,False,False,False,False,False,False,True,False,False,False,Male,36-40,,,,Yes,
35,Resignation-Other reasons,2012,2006.0,2009.0,Cleaner,,Central Office,Education Queensland,Permanent Part-time,False,False,False,False,False,False,False,False,False,False,False,False,False,False,False,True,False,False,Male,61 or older,,,,,
38,Resignation-Other reasons,2012,2011.0,2011.0,Teacher Aide,,Central Queensland,,Temporary Part-time,False,False,False,False,False,False,False,False,False,False,False,False,False,False,False,False,False,True,Female,21-25,,,,,
40,Resignation-Move overseas/interstate,2012,,,Teacher,,Central Queensland,,Permanent Full-time,False,False,False,True,False,False,True,False,False,True,False,False,False,False,False,True,False,False,Female,21-25,,,,,
41,Resignation-Other employer,2012,1977.0,1980.0,Teacher,Primary,South East,,Permanent Full-time,True,False,False,False,False,False,False,False,False,False,False,False,False,False,False,False,False,False,Male,56-60,,,,,
42,Resignation-Other reasons,2012,1974.0,1994.0,Head of Curriculum/Head of Special Education,,Metropolitan,,Permanent Full-time,False,False,True,False,False,False,False,False,False,False,False,False,False,False,False,True,False,False,Female,51-55,,,,,
43,Resignation-Move overseas/interstate,2012,2011.0,2011.0,Cleaner,,North Coast,,Permanent Part-time,False,False,False,False,False,False,False,False,False,False,False,False,False,False,False,False,False,True,Female,41-45,,,,,
44,Resignation-Other reasons,2012,1976.0,1976.0,Teacher,Primary,North Coast,,Permanent Full-time,False,False,False,True,False,False,False,False,False,False,False,False,False,False,False,True,True,False,Male,51-55,,,,,
49,Resignation-Move overseas/interstate,2012,2009.0,2010.0,Cleaner,,South East,,Permanent Full-time,False,False,False,False,False,False,False,False,False,False,False,True,False,False,False,False,False,False,Male,21-25,,,,,
51,Resignation-Move overseas/interstate,2012,2009.0,2010.0,Cleaner,,South East,,Permanent Full-time,False,False,False,False,False,False,False,False,False,False,False,True,False,False,False,False,False,False,Male,21-25,,,,,
52,Resignation-Other reasons,2012,1993.0,1993.0,Cleaner,,South East,,Permanent Full-time,False,False,False,False,False,False,False,False,False,False,False,False,False,False,False,False,False,True,Female,61 or older,,,,,
56,Resignation-Other employer,2012,2008.0,2008.0,Teacher Aide,,Metropolitan,,Permanent Part-time,False,False,False,False,False,False,False,False,False,False,False,False,False,False,False,False,False,True,Female,26-30,,,,,
58,Resignation-Other employer,2012,2003.0,2012.0,Teacher,Secondary,Darling Downs South West,,Permanent Full-time,False,True,False,False,False,False,False,False,False,False,False,False,False,False,False,False,False,False,Male,46-50,,,,,
62,Resignation-Other reasons,2012,2011.0,2011.0,Schools Officer,,Central Queensland,,Temporary Part-time,False,False,False,False,False,False,False,False,False,False,False,True,False,False,False,False,False,False,Female,31-35,,,,,
70,Resignation-Other reasons,2012,2006.0,,Public Servant,AO5-AO7,Central Office,Information and Technologies,Permanent Full-time,False,False,False,True,False,False,False,False,True,False,False,False,False,False,False,False,False,False,Female,36-40,,,,,
72,Resignation-Other reasons,2012,2011.0,2011.0,Teacher Aide,,Far North Queensland,,Permanent Part-time,False,False,False,False,False,False,False,False,False,False,False,True,False,False,False,False,False,False,Female,36-40,,,,,
88,Resignation-Move overseas/interstate,2012,2007.0,2007.0,Teacher,Secondary,Central Queensland,,Permanent Full-time,False,False,False,False,False,False,False,False,False,False,False,True,True,False,False,False,False,False,Female,26-30,,,,,
91,Resignation-Other employer,2012,1986.0,1986.0,Teacher Aide,,North Coast,,Permanent Part-time,True,False,False,False,False,False,False,False,False,False,False,False,False,False,False,False,False,False,Female,41-45,,,,,
94,Resignation-Move overseas/interstate,2012,2002.0,2002.0,Teacher,Secondary,South East,,Permanent Full-time,False,False,False,True,False,False,True,False,False,False,False,False,False,False,False,True,False,False,Female,41-45,,,,,
100,Resignation-Move overseas/interstate,2012,2011.0,2011.0,Teacher,Secondary,Darling Downs South West,,Permanent Full-time,False,False,False,False,False,False,False,False,False,False,True,False,False,False,False,True,False,False,Male,31-35,,,,,
101,Resignation-Other reasons,2012,2006.0,2008.0,Teacher Aide,,,,Permanent Part-time,False,False,False,True,True,False,False,False,False,False,False,False,False,False,False,True,False,False,Female,36-40,,,,,
103,Resignation-Other reasons,2012,2002.0,2007.0,Teacher,Primary,Darling Downs South West,,Permanent Part-time,False,False,False,False,False,False,False,False,False,False,False,False,False,False,False,False,False,True,Female,51-55,,,,,
104,Resignation-Other reasons,2012,2004.0,2008.0,,,Metropolitan,,Permanent Part-time,False,False,False,True,True,False,True,False,False,False,False,False,False,False,False,False,False,False,Female,51-55,,,,,
107,Resignation-Other reasons,2012,,,Teacher Aide,,Central Office,Training and Tertiary Education Queensland,Temporary Part-time,False,False,False,False,False,False,False,True,False,True,False,False,False,False,False,True,False,False,Female,46-50,,,Yes,,
109,Resignation-Other reasons,2012,2008.0,2009.0,Technical Officer,,Central Queensland,,Permanent Part-time,False,False,False,False,False,False,False,False,False,False,False,False,False,False,False,False,False,False,Female,31-35,,,,,
112,Resignation-Other reasons,2012,2004.0,2004.0,Teacher,Special Education,Far North Queensland,,Permanent Full-time,True,False,False,False,False,False,False,False,False,False,False,False,False,False,False,False,False,False,Female,26-30,,,,,
113,Resignation-Other reasons,2012,2007.0,2007.0,Cleaner,,North Queensland,,Permanent Part-time,False,False,False,False,False,True,False,False,False,False,False,False,False,False,False,False,False,False,Female,56-60,,,,,
115,Resignation-Move overseas/interstate,2012,1997.0,2004.0,Guidance Officer,,Darling Downs South West,,Permanent Full-time,False,False,False,False,True,False,False,False,False,False,False,False,False,False,False,False,False,False,Female,41-45,,,,,
117,Resignation-Other reasons,2012,1976.0,1976.0,,,South East,,Permanent Full-time,False,False,True,False,True,False,True,False,False,False,False,False,False,False,False,False,False,False,Male,56-60,,,,,
119,Resignation-Other employer,2012,2010.0,2010.0,Teacher,Secondary,,,Permanent Full-time,True,False,False,False,False,False,False,False,False,False,False,False,False,False,False,True,True,False,Female,46-50,,,,,
125,Resignation-Other employer,2012,2012.0,2012.0,Public Servant,A01-A04,Darling Downs South West,,Permanent Part-time,False,True,False,False,False,True,False,False,False,True,False,False,False,False,False,False,False,False,Female,36-40,,,,,
127,Resignation-Other reasons,2012,1980.0,1989.0,Teacher,Secondary,South East,,Permanent Full-time,False,False,False,True,True,False,False,False,False,False,False,False,False,False,False,False,False,False,Male,51-55,,,,,
131,Resignation-Other employer,2012,2012.0,2012.0,Public Servant,AO5-AO7,Central Office,Information and Technologies,Temporary Full-time,True,False,False,True,False,False,False,True,False,False,False,False,False,False,False,False,False,False,Male,51-55,,,,,
133,Resignation-Other reasons,2012,2007.0,2010.0,Cleaner,,North Queensland,,Permanent Part-time,False,False,False,False,False,False,False,False,False,False,False,False,False,False,False,True,False,False,Female,41-45,,,,,
136,Resignation-Other reasons,2012,1994.0,1994.0,Teacher Aide,,Metropolitan,,Permanent Part-time,False,False,False,False,False,False,False,False,False,False,False,False,False,False,False,True,False,False,Female,56-60,,,,,
139,Resignation-Other employer,2012,2004.0,2005.0,Teacher Aide,,Darling Downs South West,,Permanent Part-time,False,True,False,False,False,False,False,False,False,False,False,False,False,False,False,False,False,False,Female,41-45,,,,,
141,Resignation-Other employer,2012,,,Teacher Aide,,Metropolitan,,Permanent Part-time,False,True,False,False,False,False,False,False,False,False,False,False,False,False,False,False,False,False,Female,51-55,,,,,
146,Resignation-Other reasons,2012,2007.0,2007.0,Cleaner,,,,Permanent Part-time,False,False,False,False,False,False,False,False,False,False,False,False,False,True,False,False,False,False,Male,61 or older,,,,,
148,Resignation-Other employer,2012,2003.0,2003.0,Public Servant,A01-A04,Metropolitan,,Permanent Full-time,False,True,False,False,False,False,False,True,False,True,False,False,False,False,False,False,False,False,Male,26-30,,,,,
159,Resignation-Other employer,2012,2011.0,2011.0,Public Servant,A01-A04,Central Office,Other,Temporary Part-time,True,False,False,False,False,False,False,False,False,False,False,False,False,False,False,False,False,False,Male,21-25,,,,,
161,Resignation-Other reasons,2012,2003.0,2003.0,Cleaner,,South East,,Permanent Part-time,False,False,False,False,False,False,True,False,False,False,False,False,False,False,False,False,False,False,Female,41-45,,,,,
165,Resignation-Other employer,2012,2005.0,2009.0,Teacher Aide,,Central Queensland,,Permanent Full-time,False,True,False,False,False,False,False,False,False,False,False,False,False,False,False,True,False,False,Female,41-45,,,,,
180,Resignation-Other reasons,2012,2012.0,2012.0,Cleaner,,Central Queensland,,Permanent Full-time,False,False,False,False,False,False,False,False,False,False,False,False,False,False,False,True,False,False,Female,36-40,,,,,
184,Resignation-Other reasons,2012,1998.0,1998.0,Cleaner,,Far North Queensland,,Permanent Part-time,False,False,False,False,False,False,False,False,False,False,False,False,False,False,False,True,False,False,Female,61 or older,,,Yes,,
186,Resignation-Other reasons,2012,2005.0,2005.0,Cleaner,,,,Permanent Part-time,False,False,False,False,False,False,False,False,False,False,True,False,False,False,False,True,False,False,Female,31-35,,,,,
190,Resignation-Other employer,2012,2006.0,2007.0,Public Servant,AO8 and Above,Central Office,Other,Permanent Full-time,False,False,False,False,False,False,False,True,True,False,False,False,False,False,False,True,False,False,Female,41-45,Yes,,,,
193,Resignation-Other reasons,2012,1995.0,2001.0,Teacher Aide,,Far North Queensland,,Permanent Full-time,False,False,True,False,False,False,False,False,False,False,False,False,False,False,True,False,False,False,Female,46-50,,,,,
196,Resignation-Other employer,2012,1989.0,2010.0,Technical Officer,,North Coast,,Permanent Full-time,True,False,False,False,False,False,False,False,False,False,False,False,False,False,False,False,False,False,Female,46-50,,,,,
197,Resignation-Other reasons,2012,,,Teacher Aide,,North Queensland,,Permanent Part-time,False,False,False,False,False,False,False,False,False,False,False,False,False,False,False,False,False,True,Female,46-50,,,,,
198,Resignation-Other employer,2012,2005.0,2005.0,Public Servant,A01-A04,South East,,Permanent Full-time,False,False,False,True,False,False,True,False,False,False,False,False,False,False,False,False,False,False,Female,31-35,,,,,
205,Resignation-Other employer,2012,2008.0,2010.0,Public Servant,A01-A04,Central Office,Finance,Permanent Part-time,False,True,False,False,False,False,False,False,False,False,False,False,False,False,False,False,False,False,Female,21-25,,,,,
206,Resignation-Other reasons,2012,2006.0,2006.0,Teacher Aide,,North Queensland,,Permanent Part-time,False,False,False,False,False,False,False,False,False,False,False,False,False,False,False,True,False,False,Female,36-40,,,,,
211,Resignation-Move overseas/interstate,2012,2007.0,2007.0,Professional Officer,PO1-PO4,North Coast,,Permanent Part-time,False,False,False,False,False,False,False,False,False,False,False,True,False,False,False,False,False,False,Female,51-55,,,,,
213,Resignation-Other reasons,2012,1986.0,1997.0,Teacher,Secondary,Metropolitan,,Permanent Part-time,False,False,False,True,False,False,False,False,False,False,False,False,False,False,False,False,True,False,Male,61 or older,,,,,
215,Resignation-Other reasons,2012,1999.0,2011.0,School Administrative Staff,,Darling Downs South West,,Permanent Part-time,False,False,False,False,False,False,False,False,False,False,False,False,False,False,False,False,False,False,Female,,,,,,
224,Resignation-Other reasons,2012,1996.0,2006.0,Teacher,Primary,Metropolitan,,Permanent Full-time,False,False,True,False,True,False,False,True,False,False,False,False,False,False,False,False,False,False,,51-55,,,,,
225,Resignation-Other reasons,2012,2009.0,2009.0,Teacher,Secondary,,,Permanent Full-time,False,False,False,False,False,False,False,False,False,False,False,False,False,False,False,True,True,False,Female,36-40,,,,,
229,Resignation-Other reasons,2012,1994.0,2012.0,Cleaner,Primary,South East,,Permanent Part-time,False,False,False,False,False,False,False,False,False,False,True,True,False,False,False,True,False,False,Male,56-60,,,,,
236,Resignation-Move overseas/interstate,2012,2009.0,2009.0,Technical Officer,,Central Queensland,,Permanent Full-time,False,False,False,False,False,False,False,False,False,False,False,True,True,False,False,False,False,False,Female,21-25,,,,,
248,Resignation-Move overseas/interstate,2013,2007.0,2007.0,"School Based Professional Staff (Therapist, nurse, etc)",PO1-PO4,South East,,Permanent Full-time,False,False,False,False,False,False,False,False,False,False,False,True,True,False,False,False,False,False,Female,26-30,,,,,
249,Resignation-Move overseas/interstate,2012,2011.0,2011.0,Teacher,Primary,Far North Queensland,,Temporary Full-time,False,False,False,False,False,False,False,False,False,False,False,True,False,False,False,False,False,False,Male,31-35,,,,,
251,Resignation-Other reasons,2013,2006.0,2006.0,Teacher,Primary,,,Permanent Full-time,False,False,False,False,False,False,False,False,True,False,False,False,True,False,False,False,False,False,Male,26-30,,,,,
255,Resignation-Other reasons,2012,2000.0,2012.0,Teacher,Secondary,Central Queensland,,Permanent Part-time,False,True,False,False,False,False,False,False,False,False,True,False,False,False,False,True,False,False,Female,31-35,,,,,
256,Resignation-Other employer,2012,2008.0,2012.0,Cleaner,,South East,,Permanent Part-time,False,True,False,False,False,False,False,True,False,False,False,False,False,False,False,False,False,False,Female,46-50,,,,,
257,Resignation-Move overseas/interstate,2012,2005.0,2005.0,Teacher Aide,,,,Permanent Part-time,False,False,False,False,False,False,False,False,True,False,False,False,False,False,False,False,False,False,Female,46-50,,,,,
258,Resignation-Other reasons,2012,2012.0,2012.0,Public Servant,A01-A04,Darling Downs South West,,Temporary Part-time,False,False,False,False,False,False,False,False,False,False,False,False,False,False,False,False,False,True,Female,21-25,,,,,
259,Resignation-Other employer,2012,2007.0,2007.0,Teacher,Secondary,Central Office,Education Queensland,Permanent Full-time,False,True,False,False,False,False,True,False,False,True,False,False,False,False,False,False,False,False,Female,26-30,,,,,
260,Resignation-Move overseas/interstate,2012,2008.0,2008.0,Schools Officer,,Metropolitan,,Permanent Full-time,False,False,False,True,False,False,True,False,False,True,False,False,False,False,False,False,False,False,Male,41-45,,,,,
263,Resignation-Move overseas/interstate,2013,2011.0,2011.0,Teacher,Secondary,South East,,Permanent Full-time,False,True,False,False,False,False,False,False,False,False,False,True,False,False,False,True,False,False,Male,36-40,,,,,
264,Resignation-Move overseas/interstate,2013,2009.0,2012.0,Teacher,Special Education,North Queensland,,Permanent Full-time,False,False,False,False,False,False,False,False,False,False,False,True,False,False,False,False,False,False,Female,21-25,,,,,
265,Resignation-Other reasons,2012,2011.0,2011.0,School Administrative Staff,,Darling Downs South West,,Permanent Part-time,False,False,False,False,False,False,False,False,False,False,True,False,False,False,False,False,False,False,Female,20 or younger,Yes,,,,
268,Resignation-Other employer,2012,2011.0,2011.0,Cleaner,,Darling Downs South West,,Permanent Part-time,False,False,False,False,False,False,False,False,False,False,True,False,False,False,False,False,False,False,Female,36-40,,,,,
269,Resignation-Move overseas/interstate,2012,2011.0,2012.0,Teacher,Secondary,Central Queensland,,Permanent Full-time,False,False,False,False,False,False,False,False,False,False,True,True,True,False,False,False,False,False,Female,31-35,,,,,
270,Resignation-Other reasons,2012,2010.0,2010.0,Teacher,Secondary,Central Queensland,,Permanent Full-time,False,False,False,False,False,False,False,False,False,False,False,False,False,False,False,False,False,True,Female,26-30,,,,,
274,Resignation-Other reasons,2012,1991.0,2007.0,Teacher,Primary,Central Queensland,,Permanent Part-time,False,False,False,False,False,False,False,False,False,False,False,False,False,False,False,False,False,True,Female,56-60,,,,,
275,Resignation-Other employer,2013,2011.0,2011.0,Public Servant,A01-A04,,,Temporary Part-time,False,True,False,False,False,False,False,False,False,False,False,False,False,False,False,False,False,False,Female,36-40,,,,,
280,Resignation-Other reasons,2012,1992.0,1992.0,Cleaner,,,,Permanent Part-time,False,False,True,False,True,False,False,False,False,False,False,False,False,True,False,False,False,False,Female,61 or older,,,,,
284,Resignation-Other employer,2012,2007.0,2007.0,Teacher,Secondary,North Coast,,Permanent Full-time,False,True,False,False,False,False,False,False,False,True,False,False,False,False,False,False,False,False,Female,26-30,,,,,
285,Resignation-Other employer,2012,2007.0,2008.0,Teacher,Secondary,North Coast,,Permanent Full-time,False,True,False,False,False,False,False,False,True,False,False,False,False,False,False,False,False,False,Female,31-35,,,,,
286,Resignation-Move overseas/interstate,2012,2012.0,2012.0,Cleaner,,,,Permanent Full-time,False,False,False,False,False,False,False,False,False,False,False,True,False,False,False,False,False,False,Female,,,,,,
287,Resignation-Other employer,2012,2012.0,2012.0,Teacher Aide,,,,Permanent Part-time,False,True,False,False,False,False,False,False,False,False,False,False,False,False,False,False,False,False,Female,36-40,,,,,
289,Resignation-Move overseas/interstate,2013,,,Public Servant,AO5-AO7,Central Office,Education Queensland,Permanent Full-time,False,False,False,True,False,False,True,False,False,False,False,False,True,False,False,False,True,False,Female,26-30,,,,,
292,Resignation-Other employer,2013,,,Teacher Aide,,,,Permanent Part-time,False,True,False,False,False,False,False,False,False,False,False,False,False,False,False,False,False,False,Female,56-60,,,,,
294,Resignation-Move overseas/interstate,2012,,,Schools Officer,,South East,,Permanent Part-time,False,False,False,False,False,False,False,False,False,False,True,True,True,False,False,False,False,False,,61 or older,,,,,
296,Resignation-Move overseas/interstate,2012,1980.0,2003.0,Teacher,Special Education,Central Office,,Permanent Full-time,False,False,False,False,False,False,False,False,False,False,False,False,True,False,False,True,False,False,Female,51-55,,,,,
297,Resignation-Other employer,2012,2006.0,2009.0,Technical Officer,,North Coast,,Permanent Part-time,False,True,False,False,False,False,False,False,False,False,False,False,False,False,False,False,False,False,Male,41-45,,,,,
301,Resignation-Move overseas/interstate,2012,1996.0,1996.0,Teacher,Primary,Darling Downs South West,,Permanent Part-time,False,True,False,False,False,False,False,False,False,True,False,False,True,False,False,True,False,False,Female,51-55,,,,,
302,Resignation-Other employer,2012,,,School Administrative Staff,,,,Permanent Part-time,False,True,False,False,False,False,False,False,False,False,False,False,False,False,False,False,False,False,Female,46-50,,,,,
304,Resignation-Other reasons,2012,2005.0,2011.0,Cleaner,,South East,,Permanent Part-time,False,False,False,True,False,False,True,False,False,False,False,False,False,False,False,False,False,False,Male,51-55,,,,,
305,Resignation-Other employer,2013,2009.0,2009.0,Teacher,Secondary,Central Queensland,,Permanent Full-time,False,False,False,False,False,False,False,False,False,False,False,True,False,False,False,False,False,False,Male,46-50,,,,,
312,Resignation-Other employer,2013,2001.0,2007.0,Teacher,Secondary,North Queensland,,Permanent Full-time,False,False,False,True,True,False,False,False,False,False,False,False,False,False,False,False,False,False,Male,36-40,,,,,
313,Resignation-Other reasons,2013,1999.0,2012.0,Teacher,Primary,North Coast,,Permanent Part-time,False,False,False,False,False,True,False,False,False,False,True,False,False,False,False,False,True,False,Female,36-40,,,,,
315,Resignation-Other employer,2013,2001.0,2006.0,Teacher,Primary,,,Permanent Full-time,False,True,False,False,False,False,False,False,False,False,False,False,False,False,False,False,False,False,Female,36-40,,,,,
318,Resignation-Other employer,2012,1989.0,1989.0,Teacher,,Metropolitan,,Permanent Full-time,False,True,True,False,False,False,False,False,False,False,False,False,False,False,False,False,False,False,Male,41-45,,,,,
319,Resignation-Other reasons,2012,2012.0,2012.0,School Administrative Staff,,North Queensland,,Permanent Part-time,False,False,False,True,False,False,False,False,False,False,False,False,False,False,False,True,True,False,Female,46-50,,,,,
321,Resignation-Other reasons,2012,2011.0,2011.0,Cleaner,,Metropolitan,,Permanent Part-time,False,False,False,False,False,False,False,False,False,False,False,False,False,False,False,True,False,False,Female,26-30,,,,,
323,Resignation-Other employer,2013,2007.0,2007.0,Teacher,Middle,Metropolitan,,Permanent Full-time,False,True,False,False,True,False,False,False,True,False,False,False,False,False,False,False,False,False,Male,26-30,,,,,
325,Resignation-Other reasons,2012,2011.0,2011.0,Teacher Aide,,South East,,Permanent Part-time,False,False,False,False,False,False,False,False,False,False,False,False,True,False,False,False,False,False,Female,21-25,,,,,
326,Resignation-Other employer,2012,2000.0,2004.0,Teacher Aide,,Darling Downs South West,,Permanent Part-time,False,False,False,False,False,False,False,False,False,False,False,False,False,False,False,False,False,True,Female,46-50,,,,,
327,Resignation-Other reasons,2012,2008.0,2008.0,Cleaner,,North Queensland,,Permanent Full-time,False,False,False,False,False,False,False,False,False,False,False,False,False,False,False,False,False,True,Female,36-40,,,,,Yes
333,Resignation-Other reasons,2012,2011.0,2011.0,Cleaner,,,,Permanent Full-time,False,False,True,False,False,False,False,False,False,False,False,True,False,False,False,True,False,False,Female,21-25,,,,,
334,Resignation-Other employer,2012,2012.0,2012.0,School Administrative Staff,,South East,,Temporary Part-time,False,False,False,False,False,False,False,True,False,False,False,False,False,False,False,False,False,False,Female,51-55,,,,,
341,Resignation-Other reasons,2013,2005.0,2012.0,Teacher,Primary,North Coast,,Permanent Full-time,False,False,False,False,False,False,False,False,True,False,True,False,False,False,False,True,False,False,Male,26-30,,,,,
344,Resignation-Other employer,2012,,,School Administrative Staff,,Metropolitan,,Permanent Part-time,False,False,False,False,False,False,False,False,False,False,False,False,False,False,False,False,False,True,Female,41-45,,,,,Yes
346,Resignation-Other employer,2012,1988.0,1988.0,Teacher,Primary,Metropolitan,,Permanent Full-time,False,False,False,False,False,False,False,False,False,False,False,False,False,False,False,True,False,False,Female,41-45,,,,,
348,Resignation-Other employer,2012,2008.0,2008.0,Head of Curriculum/Head of Special Education,,North Queensland,,Permanent Full-time,False,True,False,False,False,False,False,False,False,False,False,False,False,False,False,False,False,False,Female,36-40,,,,,Yes
349,Resignation-Other reasons,2013,1980.0,1999.0,Teacher,Secondary,,,Permanent Part-time,False,False,False,False,False,False,False,False,False,False,False,False,False,False,False,True,True,False,Male,56-60,,,,,
355,Resignation-Other employer,2013,2007.0,2007.0,Teacher,Secondary,Metropolitan,,Permanent Full-time,False,True,False,False,False,False,False,False,False,False,False,True,False,False,False,False,True,False,Male,26-30,,,,,
356,Resignation-Other reasons,2013,1992.0,1992.0,Teacher Aide,,,,Permanent Part-time,False,False,False,False,False,False,False,False,False,False,False,False,False,False,False,False,False,True,Female,56-60,,,,,
357,Resignation-Move overseas/interstate,2013,2003.0,2011.0,Teacher,Secondary,North Queensland,,Permanent Part-time,False,False,False,False,False,False,False,False,False,False,False,False,True,False,False,False,False,False,Female,31-35,,,,,
366,Resignation-Other reasons,2012,,,Teacher,Secondary,Metropolitan,,Permanent Full-time,False,False,False,False,False,False,False,False,False,False,False,False,False,False,False,False,False,True,Male,26-30,,,,,
367,Resignation-Move overseas/interstate,2013,2010.0,2010.0,Teacher,Secondary,South East,,Permanent Full-time,False,True,False,False,False,False,True,False,False,False,False,False,False,False,False,False,False,False,Male,21-25,,,,,
368,Resignation-Move overseas/interstate,2013,2012.0,2012.0,Teacher,Secondary,Darling Downs South West,,Permanent Full-time,False,False,False,False,False,False,False,False,False,False,False,True,True,False,False,True,False,False,Female,21-25,,,,,
372,Resignation-Other reasons,2012,2012.0,2012.0,Teacher Aide,,Central Queensland,,Permanent Full-time,False,False,False,False,False,False,False,False,False,False,False,False,True,False,False,False,False,False,Female,36-40,,,,,
375,Resignation-Other employer,2012,1992.0,1992.0,Teacher,Secondary,Darling Downs South West,,Permanent Full-time,False,False,False,False,False,False,False,False,False,False,True,False,False,False,False,False,False,False,Female,41-45,,,,,
376,Resignation-Other reasons,2012,1999.0,1999.0,Teacher Aide,,,,Permanent Full-time,False,False,False,False,False,False,False,True,False,False,False,False,False,False,False,False,False,False,Female,46-50,,,,,
377,Resignation-Move overseas/interstate,2012,2007.0,2007.0,Teacher Aide,,,,Permanent Part-time,False,False,False,False,False,False,False,False,False,False,True,False,False,False,False,False,False,False,Female,46-50,,,,,
378,Resignation-Other employer,2012,1990.0,,Teacher Aide,,,,Permanent Part-time,False,False,False,True,False,False,True,True,False,False,False,False,False,False,False,False,False,False,Female,46-50,,,,,
380,Resignation-Move overseas/interstate,2012,,,Teacher,Primary,Darling Downs South West,,Permanent Part-time,False,True,False,False,False,False,False,False,False,False,False,False,False,False,False,False,False,False,Female,26-30,,,,,
382,Resignation-Other employer,2013,2008.0,2008.0,Teacher,Secondary,,,Permanent Full-time,False,True,False,False,False,True,True,False,False,False,False,False,False,False,False,False,False,False,Female,26-30,,,,,
384,Resignation-Move overseas/interstate,2012,1994.0,1996.0,Teacher,Special Education,Metropolitan,,Permanent Full-time,False,False,False,False,False,False,False,False,False,False,False,True,False,False,False,False,False,False,Female,56-60,,,,,
389,Resignation-Move overseas/interstate,2013,2007.0,2007.0,Teacher,Secondary,,,Permanent Full-time,True,False,False,False,False,False,False,False,False,False,False,False,False,False,False,False,False,False,Female,46-50,,,,,
390,Resignation-Other employer,2013,1985.0,1999.0,Teacher,Secondary,Central Queensland,,Permanent Full-time,True,False,False,False,False,False,False,False,False,False,False,False,False,False,False,True,False,False,Female,46-50,,,,,
391,Resignation-Other employer,2013,2000.0,200.0,Teacher,Secondary,Central Queensland,,Permanent Full-time,False,True,False,False,False,False,False,False,False,False,False,False,False,False,False,False,False,False,Female,46-50,,,,,
392,Resignation-Other employer,2012,2007.0,2007.0,Teacher,Secondary,Darling Downs South West,,Permanent Full-time,False,True,True,True,False,False,False,False,False,False,False,False,False,False,False,False,False,False,Female,31-35,,,,,
399,Resignation-Other reasons,2012,1993.0,2011.0,Guidance Officer,,Darling Downs South West,,Permanent Part-time,False,False,False,False,False,False,False,False,True,False,True,True,False,False,False,False,False,False,Female,41-45,,,,,
400,Resignation-Other employer,2013,,,Cleaner,,,,,False,False,False,True,False,False,False,False,False,True,False,False,False,False,False,False,False,False,Male,56-60,,,,,
406,Resignation-Other reasons,2012,,,Teacher,Primary,,,,False,False,True,False,False,False,False,False,False,False,True,False,False,False,False,False,False,False,,,,,,,
407,Resignation-Other reasons,2013,1991.0,1992.0,Teacher Aide,,Darling Downs South West,,Permanent Part-time,False,False,False,False,False,False,True,False,False,False,False,False,False,True,True,False,False,False,Female,56-60,,,,,
408,Resignation-Move overseas/interstate,2013,,2011.0,Technical Officer,,Central Queensland,,Temporary Part-time,False,False,False,False,False,False,False,False,False,False,False,True,False,False,False,False,False,False,Male,61 or older,,,,,
409,Resignation-Other reasons,2012,2006.0,2006.0,Teacher,Primary,,,Permanent Full-time,False,True,True,True,True,True,True,False,True,True,True,True,False,False,False,True,False,False,Female,26-30,,,,,
410,Resignation-Other reasons,2012,,,Teacher Aide,,,,Permanent Part-time,False,False,False,False,False,False,False,False,False,False,True,False,False,False,False,False,False,False,Female,36-40,,,,,
411,Resignation-Other reasons,2013,2008.0,2008.0,Teacher,Primary,Central Queensland,,Permanent Full-time,False,False,False,False,False,False,False,False,False,False,False,False,False,False,False,False,False,True,Female,26-30,,,,,
413,Resignation-Other reasons,2013,2008.0,2009.0,Cleaner,,,,Permanent Full-time,False,False,False,False,False,False,False,False,False,False,False,False,False,True,False,False,False,False,Female,41-45,,,,,
415,Resignation-Other employer,2013,1997.0,2009.0,Teacher,Primary,Darling Downs South West,,Permanent Full-time,True,False,False,False,False,False,False,False,False,False,False,False,False,False,False,False,False,False,Female,41-45,,,,,
416,Resignation-Move overseas/interstate,2013,2011.0,2013.0,Teacher,Primary,Central Queensland,,Permanent Full-time,True,False,True,False,False,False,False,False,False,False,False,False,False,False,False,False,False,False,Male,26-30,,,,,
417,Resignation-Other reasons,2012,1963.0,1989.0,Teacher,Special Education,Metropolitan,,Permanent Full-time,False,False,False,False,False,False,False,False,False,False,False,False,False,True,True,False,False,False,Female,61 or older,,,,,
418,Resignation-Other reasons,2013,2008.0,2011.0,Teacher Aide,Primary,South East,,Permanent Part-time,False,True,False,False,False,False,False,False,False,False,False,False,False,False,False,True,True,False,Female,41-45,,,,,
420,Resignation-Other reasons,2013,2012.0,2012.0,Teacher Aide,,North Queensland,,Temporary Part-time,False,False,False,False,False,False,False,False,True,False,False,False,False,False,False,False,False,False,Female,41-45,,,,Yes,
424,Resignation-Other employer,2013,2008.0,2012.0,Head of Curriculum/Head of Special Education,,North Queensland,,Permanent Full-time,False,False,False,False,False,False,False,False,False,False,False,True,False,False,False,False,False,False,Male,31-35,,,,,
433,Resignation-Move overseas/interstate,2013,2008.0,2010.0,Technical Officer,,Central Office,,Permanent Full-time,False,False,False,True,True,False,True,True,False,True,False,False,False,False,False,False,True,False,Female,26-30,,,,,
434,Resignation-Other reasons,2013,1993.0,2002.0,Teacher,Primary,North Queensland,,Permanent Part-time,False,False,False,False,True,False,False,False,False,True,False,False,False,False,False,False,True,False,Female,46-50,,,,,
435,Resignation-Other reasons,2013,2006.0,2010.0,Head of Curriculum/Head of Special Education,,Central Queensland,,Permanent Full-time,False,True,False,False,False,False,False,False,False,False,False,True,False,False,False,False,True,False,Female,26-30,,,,,
438,Resignation-Other reasons,2013,2002.0,2002.0,Teacher,Special Education,Darling Downs South West,,Permanent Full-time,False,False,False,True,False,False,False,False,False,False,False,False,True,True,False,False,False,False,Female,31-35,,,,Yes,
439,Resignation-Other employer,2013,,,Teacher,Secondary,North Queensland,,Permanent Full-time,True,False,False,False,False,False,False,False,False,False,False,True,False,False,False,False,False,False,Female,21-25,,,,,
440,Resignation-Other reasons,2012,1992.0,2009.0,Teacher Aide,,South East,,Permanent Full-time,False,False,False,False,True,False,True,False,False,False,False,False,False,False,True,False,False,False,Female,56-60,,,,,
442,Resignation-Other reasons,2013,2010.0,2010.0,Teacher Aide,,North Queensland,,Permanent Part-time,False,False,False,False,False,False,False,False,False,False,False,False,False,False,False,False,False,True,Female,31-35,,,,,
450,Resignation-Other employer,2012,,,Teacher,Primary,South East,,Permanent Full-time,False,False,False,False,True,False,False,False,False,True,False,False,False,False,False,False,False,False,Male,36-40,,,,,
452,Resignation-Other reasons,2013,2009.0,2012.0,Teacher Aide,,Metropolitan,,Permanent Part-time,False,False,False,False,False,False,False,False,False,False,False,True,False,False,False,False,False,False,Female,21-25,,,,,
453,Resignation-Move overseas/interstate,2013,1991.0,2007.0,Head of Curriculum/Head of Special Education,,,,Permanent Full-time,False,False,False,False,False,False,False,False,False,False,False,False,False,False,False,False,False,True,Female,41-45,,,,,
455,Resignation-Move overseas/interstate,2013,2013.0,2013.0,Public Servant,A01-A04,Central Office,Human Resources,Permanent Full-time,False,False,False,False,False,False,False,False,False,False,False,True,False,False,False,True,False,False,Female,56-60,,,,,
457,Resignation-Other reasons,2013,2013.0,2013.0,Teacher,Primary,,,Permanent Full-time,False,False,False,False,False,False,False,False,False,False,False,False,False,False,False,True,False,False,Female,21-25,,,,,
460,Resignation-Move overseas/interstate,2012,2011.0,2013.0,Public Servant,AO5-AO7,Central Office,Information and Technologies,Temporary Full-time,False,True,False,False,False,False,False,False,False,False,False,False,False,False,False,False,False,False,Female,36-40,,,,,
462,Resignation-Other reasons,2013,2010.0,2010.0,Teacher Aide,,,,Permanent Part-time,False,True,False,False,False,False,False,False,False,False,False,False,False,False,False,False,False,False,Female,51-55,,,,,
465,Resignation-Other employer,2013,2002.0,2002.0,Teacher,Primary,,,Permanent Part-time,False,False,False,False,False,False,False,True,False,False,False,False,False,False,False,False,False,False,Female,36-40,,,,,
467,Resignation-Other reasons,2013,2000.0,2013.0,Teacher,Secondary,Metropolitan,,Permanent Part-time,False,False,False,False,False,False,False,False,False,False,True,False,False,False,False,True,False,False,Female,41-45,,,,,
471,Resignation-Other reasons,2013,1990.0,2013.0,Teacher,Primary,North Queensland,,Permanent Full-time,False,False,False,False,False,False,False,False,False,False,False,False,False,True,True,True,False,False,Female,46-50,,,,Yes,
472,Resignation-Other reasons,2013,,,Teacher,Secondary,South East,,Permanent Part-time,False,False,True,False,False,False,False,False,False,False,False,False,False,False,False,False,True,False,Female,56-60,,,,,
474,Resignation-Other reasons,2013,1997.0,1997.0,Teacher,Primary,North Queensland,,Permanent Part-time,False,False,False,True,True,False,True,False,False,False,False,False,False,False,False,True,False,False,Female,51-55,,,,,
477,Resignation-Other reasons,2013,2008.0,2011.0,Teacher,Secondary,Metropolitan,,Casual,False,False,False,False,False,False,False,False,False,False,False,False,False,False,False,True,False,False,Male,51-55,,,,,Yes
478,Resignation-Move overseas/interstate,2013,2004.0,2004.0,Cleaner,,South East,,Permanent Full-time,False,False,False,False,False,False,False,False,False,False,False,False,False,False,False,False,False,True,Male,46-50,,,,,
479,Resignation-Other reasons,2013,2000.0,,Teacher,Primary,Darling Downs South West,,Permanent Part-time,False,False,False,False,False,False,False,False,False,False,False,False,False,False,False,False,False,True,Female,51-55,,,,,
480,Resignation-Other reasons,2013,2013.0,2013.0,Teacher,Primary,Metropolitan,,Permanent Part-time,False,False,False,False,False,False,False,False,False,False,True,False,False,False,False,True,False,False,Female,26-30,Yes,,,,
482,Resignation-Other reasons,2012,1990.0,1990.0,Teacher Aide,,Central Queensland,,Permanent Part-time,False,False,False,False,False,False,False,False,False,False,False,False,False,False,False,True,False,False,Male,41-45,,,,,
486,Resignation-Move overseas/interstate,2012,2005.0,2010.0,Teacher Aide,,South East,,Permanent Part-time,False,False,False,False,False,False,False,False,False,False,False,True,False,False,False,False,False,False,Female,46-50,,,,,
487,Resignation-Other reasons,2013,1993.0,1993.0,Teacher,Primary,Darling Downs South West,,Permanent Part-time,False,False,False,False,False,False,False,False,False,False,True,False,False,False,False,False,False,False,Female,41-45,,,,,
490,Resignation-Other reasons,2012,,,Cleaner,,,,,False,False,False,False,False,False,False,False,False,False,False,False,False,False,False,False,False,True,Female,46-50,,,,,
493,Resignation-Other reasons,2013,1974.0,2008.0,Teacher,Special Education,Central Queensland,,Permanent Part-time,False,False,False,True,False,False,False,False,False,False,False,False,False,False,False,False,False,False,,61 or older,,,,,
495,Resignation-Other employer,2012,1988.0,1988.0,Cleaner,,Central Queensland,,Permanent Part-time,False,True,False,True,False,False,False,False,False,False,False,False,False,False,False,False,True,False,Female,56-60,,,,,
496,Resignation-Other reasons,2013,2012.0,2012.0,Cleaner,,Central Queensland,,Permanent Part-time,False,True,False,False,False,False,False,False,False,False,False,False,False,False,False,False,False,False,Female,46-50,,,,Yes,
498,Resignation-Move overseas/interstate,2013,2009.0,2009.0,Teacher,Primary,Far North Queensland,,Permanent Full-time,False,False,False,False,False,False,False,False,False,False,False,True,False,False,False,True,False,False,Male,36-40,,,,,
500,Resignation-Move overseas/interstate,2013,2013.0,2013.0,Public Servant,A01-A04,Central Office,Other,Temporary Full-time,False,False,False,False,False,False,False,False,False,False,True,True,False,False,False,False,False,False,Female,26-30,,,,,
501,Resignation-Other employer,2013,2002.0,2002.0,Teacher,Primary,Central Queensland,Education Queensland,Permanent Full-time,False,True,False,False,False,False,False,False,False,False,False,False,False,False,False,False,False,False,Female,31-35,,,,,
504,Resignation-Other reasons,2013,1972.0,2013.0,Teacher,Secondary,North Queensland,,Permanent Full-time,False,False,False,True,False,False,False,False,False,True,False,False,False,False,False,False,True,False,Male,61 or older,,,,,
505,Resignation-Move overseas/interstate,2013,2008.0,2011.0,Teacher,Secondary,South East,,Permanent Full-time,False,True,False,False,False,False,False,False,False,False,False,False,False,False,False,False,False,False,Male,36-40,,,,,
506,Resignation-Other reasons,2013,1989.0,,Teacher,Special Education,,,Permanent Full-time,False,False,False,False,False,False,False,False,False,False,True,False,False,False,False,True,False,False,Female,46-50,,,,,
507,Resignation-Other reasons,2013,2009.0,2010.0,Public Servant,A01-A04,North Coast,,Permanent Full-time,True,False,False,False,True,False,False,False,False,False,False,False,False,True,False,False,False,False,Female,21-25,,,,,
518,Resignation-Move overseas/interstate,2010,2007.0,2007.0,Teacher Aide,,Metropolitan,,Permanent Full-time,False,False,False,False,False,False,False,False,False,False,False,True,False,False,False,False,False,False,,31-35,,,,,
532,Resignation-Other reasons,2013,,,Cleaner,,Central Office,Education Queensland,Permanent Part-time,False,False,False,False,False,False,False,False,False,False,True,False,False,False,True,True,False,False,Female,56-60,,,,,
534,Resignation-Move overseas/interstate,2013,1999.0,2012.0,Public Servant,AO8 and Above,Central Office,Indigenous Education and Training Futures,Permanent Full-time,False,True,False,False,False,False,False,False,False,False,False,False,False,False,False,False,False,False,Male,36-40,Yes,,Yes,,
535,Resignation-Other reasons,2012,2008.0,2008.0,Cleaner,,North Coast,,Permanent Part-time,False,False,False,False,False,False,False,False,False,False,False,False,False,True,False,False,False,False,Female,56-60,,,,Yes,Yes
537,Resignation-Other reasons,2013,2007.0,2012.0,Teacher Aide,,Metropolitan,Education Queensland,Permanent Full-time,False,False,False,False,False,False,True,False,False,False,False,True,False,False,False,False,False,False,Female,46-50,,,,,
539,Resignation-Other reasons,2013,,,Teacher,Primary,Darling Downs South West,,Permanent Full-time,False,False,False,False,False,False,False,False,False,False,False,False,False,False,False,True,False,False,Male,26-30,,,,,
540,Resignation-Other reasons,2013,2007.0,2009.0,Public Servant,A01-A04,North Coast,,Permanent Full-time,False,False,False,False,False,False,False,False,False,False,False,True,False,False,False,False,False,False,Female,51-55,,,,,
542,Resignation-Other reasons,2013,1996.0,2012.0,Public Servant,A01-A04,South East,,Permanent Part-time,False,False,False,True,False,False,True,False,False,True,False,False,False,False,False,False,False,False,Female,41-45,,,,,
544,Resignation-Other employer,2013,2011.0,2011.0,Professional Officer,PO1-PO4,South East,,Permanent Full-time,True,False,False,False,False,False,False,False,False,False,True,False,False,False,False,False,False,False,Female,21-25,,,,,
548,Resignation-Other employer,2013,2010.0,2012.0,Teacher Aide,,Metropolitan,,Permanent Full-time,True,False,False,True,True,False,False,False,False,False,False,False,False,False,False,False,False,False,Female,41-45,,,,,
551,Resignation-Other reasons,2013,2000.0,2005.0,Teacher,Primary,South East,,Permanent Full-time,False,False,False,False,False,False,False,False,False,False,True,False,False,False,False,False,False,False,Male,36-40,,,,,
552,Resignation-Move overseas/interstate,2013,2011.0,2011.0,Schools Officer,,Central Office,Education Queensland,Permanent Full-time,False,False,False,False,False,False,False,False,False,False,False,True,False,False,False,False,False,False,Male,41-45,,,,,
553,Resignation-Other reasons,2013,2005.0,2013.0,Teacher,Special Education,Central Queensland,,Permanent Part-time,False,False,False,False,True,False,False,False,False,False,False,False,False,False,False,True,True,False,Female,56-60,,,,,
558,Resignation-Move overseas/interstate,07/2013,2011.0,2011.0,Teacher,Middle,North Queensland,,Permanent Full-time,False,False,False,False,False,False,True,False,False,False,False,False,False,False,False,True,True,False,Female,21-25,,,,,
563,Resignation-Move overseas/interstate,06/2013,2012.0,2012.0,Cleaner,,Central Office,Education Queensland,Permanent Part-time,False,True,False,False,False,False,False,False,False,False,False,False,False,False,False,False,False,False,Female,41-45,,,,,
564,Resignation-Other reasons,06/2013,1990.0,2011.0,Teacher,Secondary,North Queensland,,Permanent Full-time,False,False,False,False,True,False,True,False,False,False,False,False,False,False,False,True,True,False,Female,41-45,,,,,
569,Resignation-Other reasons,06/2013,2000.0,,Teacher Aide,,Central Office,Education Queensland,Permanent Part-time,False,True,False,False,False,False,False,False,False,False,True,False,False,False,False,True,False,False,Female,46-50,,,,,
570,Resignation-Other reasons,07/2013,2010.0,2010.0,Schools Officer,,North Queensland,,Permanent Full-time,False,False,False,False,False,False,False,False,False,False,False,False,False,False,False,True,False,False,Male,31-35,,,,,
572,Resignation-Other reasons,07/2013,1998.0,2008.0,Business Service Manager,,Darling Downs South West,,Permanent Full-time,True,False,False,False,False,False,False,False,False,False,False,False,False,False,False,False,False,False,Female,41-45,,,,,
576,Resignation-Other reasons,07/2013,2004.0,2005.0,Public Servant,AO5-AO7,Central Office,Education Queensland,Permanent Full-time,False,False,False,False,False,False,False,False,True,False,True,False,False,False,False,True,False,False,Female,31-35,,,,,
577,Resignation-Other reasons,06/2013,2004.0,,Teacher Aide,,,,Permanent Part-time,False,True,False,False,False,False,False,False,True,False,True,False,False,False,False,False,False,False,Female,26-30,,,,,
578,Resignation-Other employer,09/2013,1994.0,1998.0,Teacher,Primary,North Queensland,,Permanent Full-time,False,False,False,False,False,False,False,False,False,False,False,False,False,False,False,False,False,True,Female,36-40,,,,,
585,Resignation-Other employer,07/2013,2008.0,2008.0,School Administrative Staff,,,,Permanent Part-time,False,False,False,False,False,False,False,False,False,False,True,True,False,False,False,False,False,False,Female,51-55,,,,,
586,Resignation-Move overseas/interstate,06/2013,2012.0,2013.0,Teacher Aide,,,,Temporary Full-time,False,False,False,False,False,False,False,False,False,False,False,False,True,False,False,False,False,False,Female,21-25,,,,,
587,Resignation-Move overseas/interstate,09/2010,1999.0,2000.0,Teacher,Special Education,Darling Downs South West,,Permanent Part-time,False,False,False,False,False,False,False,False,False,False,False,True,True,False,False,False,False,False,Female,51-55,,,,,
589,Resignation-Other employer,06/2013,2011.0,2011.0,Other,,South East,,Temporary Part-time,False,False,False,False,False,False,False,False,False,True,False,False,False,False,False,False,False,False,Male,31-35,,,,,Yes
590,Resignation-Other reasons,09/2013,1985.0,1989.0,Other,,Metropolitan,,Permanent Full-time,False,False,True,False,False,False,False,False,False,False,False,False,False,False,True,False,True,False,Male,61 or older,,,,,Yes
591,Resignation-Other employer,01/2014,2005.0,2012.0,Public Servant,,Metropolitan,,Permanent Full-time,False,False,False,False,True,False,True,False,False,False,False,False,False,False,False,False,True,False,Female,31-35,,,,,
593,Resignation-Other reasons,06/2013,2001.0,2010.0,Cleaner,,North Queensland,,Permanent Part-time,False,False,False,False,False,False,False,False,False,False,False,False,False,False,False,False,False,True,Female,56-60,,,,,
594,Resignation-Other reasons,06/2013,2005.0,2009.0,Teacher,Secondary,,,Permanent Full-time,False,False,False,True,False,False,False,False,True,False,True,False,True,True,False,True,True,False,Female,36-40,,,,,
602,Resignation-Other employer,07/2013,2010.0,2010.0,Public Servant,AO5-AO7,Central Office,Other,Permanent Full-time,False,False,True,True,False,False,False,False,False,False,False,False,True,False,False,False,False,False,Female,26-30,,,,,
605,Resignation-Other reasons,07/2013,1996.0,1996.0,Schools Officer,,,,Permanent Part-time,False,False,False,False,False,False,False,False,False,False,False,False,False,True,False,False,False,False,Female,61 or older,,,,,
608,Resignation-Other reasons,06/2013,2004.0,2011.0,Teacher,Primary,,,Permanent Part-time,False,False,False,True,True,False,False,False,False,False,False,True,False,False,False,False,False,False,Female,31-35,,,,,
609,Resignation-Other reasons,07/2013,2004.0,2012.0,Teacher,Secondary,Far North Queensland,,Permanent Full-time,False,False,False,False,True,False,False,False,True,True,False,False,False,False,False,True,False,False,Female,31-35,,,,,
611,Resignation-Other reasons,06/2013,1989.0,1989.0,Teacher Aide,,South East,,Permanent Part-time,False,False,False,True,False,False,False,False,False,True,False,False,False,False,False,False,False,False,Female,61 or older,,,,,
613,Resignation-Other reasons,06/2013,1993.0,1999.0,Teacher,Primary,South East,,Permanent Part-time,False,False,False,False,False,False,False,False,False,False,False,False,False,True,False,False,False,False,Female,51-55,,,,,
614,Resignation-Move overseas/interstate,06/2013,2010.0,2010.0,Teacher Aide,,,,Permanent Part-time,False,False,False,False,False,False,False,False,False,False,False,True,False,False,False,False,False,False,Female,26-30,,,,,
618,Resignation-Other reasons,09/2013,1996.0,2008.0,Teacher,Secondary,North Queensland,,Permanent Part-time,False,False,False,True,False,False,True,False,False,True,False,False,False,False,True,False,True,False,Female,51-55,,,,,
620,Resignation-Other employer,06/2013,2003.0,2004.0,Teacher,Special Education,South East,,Permanent Part-time,False,True,False,False,False,False,False,False,False,False,False,False,False,False,False,False,False,False,Female,36-40,,,,,
622,Resignation-Other reasons,06/2013,1983.0,2012.0,Teacher,Primary,Central Queensland,,Permanent Part-time,False,False,False,False,True,False,False,False,False,False,True,False,False,False,False,False,False,False,Female,51-55,,,,,
624,Resignation-Move overseas/interstate,07/2013,2004.0,2007.0,Teacher,Special Education,Metropolitan,,Permanent Full-time,False,False,False,False,False,False,False,False,False,False,False,False,False,False,False,False,False,True,Female,56-60,,,,,
626,Resignation-Other reasons,05/2013,2011.0,2011.0,Cleaner,,Central Queensland,,Permanent Part-time,False,False,False,False,False,False,False,False,False,False,False,False,False,False,False,True,False,False,Female,41-45,,,,,
627,Resignation-Other reasons,05/2013,2010.0,2010.0,Public Servant,A01-A04,Central Office,Other,Permanent Part-time,False,True,False,True,False,False,False,False,False,False,False,False,True,False,False,False,False,False,Female,26-30,,,,,
632,Resignation-Other reasons,08/2013,2006.0,2008.0,Teacher Aide,,South East,,Permanent Part-time,False,False,False,False,False,True,False,False,False,True,False,False,False,True,False,False,False,False,Male,41-45,,,,Yes,
638,Resignation-Other reasons,09/2013,2013.0,2013.0,Teacher Aide,,Darling Downs South West,,Casual,False,False,False,False,False,False,False,False,False,False,False,False,True,False,False,False,False,False,Female,36-40,,,,,
642,Resignation-Move overseas/interstate,09/2013,2010.0,2010.0,"School Based Professional Staff (Therapist, nurse, etc)",,North Coast,,Permanent Part-time,False,False,False,False,False,False,False,False,False,False,False,True,False,False,False,False,False,False,Female,36-40,,,,,
643,Resignation-Move overseas/interstate,09/2013,2010.0,2010.0,Teacher Aide,,Metropolitan,,Permanent Part-time,False,False,False,False,False,False,False,False,False,False,False,True,False,False,False,False,False,False,Female,31-35,,,,,Yes
648,Resignation-Other reasons,09/2013,1992.0,1997.0,Technical Officer,,Darling Downs South West,,Permanent Full-time,False,False,False,False,False,False,False,False,False,False,False,False,False,True,False,False,False,False,Female,51-55,,,,,
650,Resignation-Other employer,09/2013,1995.0,2008.0,Teacher Aide,,South East,,Permanent Full-time,False,True,False,False,False,False,False,False,False,False,False,False,False,False,False,False,False,False,Female,51-55,,,,,
651,Resignation-Other employer,10/2013,1996.0,2003.0,Head of Curriculum/Head of Special Education,,North Coast,,Permanent Full-time,False,True,True,False,False,False,False,False,True,False,False,False,False,False,False,False,False,False,Female,61 or older,,,,,
652,Resignation-Other reasons,09/2013,2010.0,2012.0,Teacher,Primary,Central Queensland,,Permanent Full-time,False,False,False,False,False,False,False,False,False,False,False,False,False,False,False,True,True,False,Female,51-55,,,,,
653,Resignation-Move overseas/interstate,08/2013,1986.0,1993.0,Head of Curriculum/Head of Special Education,,South East,,Permanent Full-time,False,False,False,False,False,False,False,False,False,False,True,True,False,False,False,False,False,False,Female,61 or older,,,,,Yes
659,Resignation-Move overseas/interstate,09/2013,1971.0,2002.0,Teacher,Secondary,Metropolitan,,Temporary Full-time,False,False,False,False,False,False,False,False,False,False,False,True,False,False,False,False,False,False,,61 or older,,,,,
660,Resignation-Other reasons,08/2013,1998.0,,Teacher Aide,Primary,,,Permanent Full-time,False,False,False,False,False,False,False,False,False,False,False,False,False,False,False,False,False,False,Female,41-45,Yes,,,,
663,Resignation-Other reasons,09/2013,,,Teacher,Primary,Central Queensland,,Permanent Part-time,False,False,False,False,False,False,False,False,False,False,True,False,False,False,False,False,False,False,Female,46-50,,,,,
666,Resignation-Other employer,01/2014,1999.0,2013.0,Head of Curriculum/Head of Special Education,,North Coast,,Permanent Full-time,True,False,False,False,False,False,False,False,False,False,False,False,True,False,False,True,False,False,Male,46-50,,,,,
668,Resignation-Other employer,01/2014,2012.0,2013.0,Public Servant,A01-A04,Central Office,Information and Technologies,Temporary Full-time,False,True,False,False,False,False,False,False,False,False,False,False,False,False,False,False,False,False,Male,21-25,,,,,
669,Resignation-Other reasons,12/2013,2011.0,2011.0,Teacher Aide,,South East,,Permanent Part-time,False,False,False,False,False,False,False,False,False,False,False,True,False,False,False,False,False,False,Female,41-45,,,,,
671,Resignation-Move overseas/interstate,12/2013,2013.0,2013.0,"School Based Professional Staff (Therapist, nurse, etc)",,Metropolitan,,Temporary Full-time,False,True,False,True,False,False,False,False,False,False,False,False,False,False,False,False,False,False,Female,26-30,,,,,
672,Resignation-Move overseas/interstate,12/2013,2013.0,2013.0,"School Based Professional Staff (Therapist, nurse, etc)",,Metropolitan,,Temporary Full-time,False,False,False,False,False,False,False,False,False,False,False,False,True,False,False,False,False,False,Female,21-25,,,,,
673,Resignation-Other employer,12/2013,2009.0,2009.0,Teacher,Primary,North Coast,,Permanent Full-time,False,True,False,False,False,False,False,False,False,False,False,False,False,False,False,False,False,False,Female,41-45,,,,,
678,Resignation-Other employer,01/2014,2010.0,2011.0,Teacher,Secondary,Far North Queensland,,Permanent Full-time,False,True,False,False,False,False,True,False,False,False,False,False,False,False,False,False,False,False,Female,26-30,,,,,
680,Resignation-Move overseas/interstate,12/2013,2012.0,2012.0,,,Central Queensland,,Casual,False,False,False,False,False,False,False,False,False,False,False,True,False,False,False,False,False,False,Female,36-40,,,,,
684,Resignation-Other employer,11/2013,1988.0,1991.0,Teacher,Secondary,North Coast,,Permanent Full-time,False,False,False,False,False,False,False,False,False,False,False,False,False,False,False,False,False,False,,46-50,,,,,
685,Resignation-Other employer,,2011.0,2012.0,Teacher,Primary,Central Queensland,,Permanent Full-time,False,True,False,False,False,False,True,False,True,False,False,False,False,False,False,False,False,False,Male,21-25,,,,,
686,Resignation-Other employer,11/2013,2004.0,2004.0,Schools Officer,,South East,,Permanent Full-time,False,False,True,False,False,False,False,False,False,True,False,False,False,False,True,False,False,False,Female,46-50,,,,,
687,Resignation-Other employer,01/2014,1985.0,2010.0,Public Servant,AO8 and Above,Central Office,Corporate Strategy and Peformance,Permanent Full-time,False,False,False,False,False,False,False,False,False,False,False,False,False,False,False,False,False,False,Male,56-60,,,,,
689,Resignation-Other reasons,11/2013,2013.0,2013.0,Teacher Aide,,Darling Downs South West,,Permanent Part-time,True,False,False,False,False,False,False,False,False,False,False,False,False,False,False,False,False,False,Female,46-50,,,,,
692,Resignation-Move overseas/interstate,01/2014,2004.0,2004.0,Teacher,Secondary,South East,,Permanent Full-time,False,True,False,False,False,False,False,False,False,False,False,True,True,False,False,False,False,False,Female,31-35,,,,,
693,Resignation-Other employer,01/2014,1998.0,2013.0,Teacher,,Darling Downs South West,,Permanent Full-time,False,True,False,False,False,False,False,False,False,False,False,False,False,False,False,False,False,False,Female,36-40,,,,,
694,Resignation-Other reasons,12/2013,2012.0,2012.0,Teacher,Secondary,North Queensland,,Permanent Part-time,False,False,False,False,False,False,False,False,False,False,False,True,False,False,False,False,False,False,Female,21-25,,,,,
695,Resignation-Move overseas/interstate,01/2014,2010.0,2010.0,Teacher,Secondary,South East,,Permanent Full-time,False,False,False,False,False,False,False,False,False,False,False,True,False,False,False,False,False,False,Male,41-45,,,,,
696,Resignation-Other reasons,,2012.0,,Teacher Aide,,Metropolitan,,Casual,False,False,False,False,False,False,False,False,False,False,True,False,False,False,False,False,False,False,Female,46-50,,,,,
698,Resignation-Move overseas/interstate,10/2013,2008.0,2008.0,Teacher Aide,,Darling Downs South West,,Permanent Full-time,False,False,False,False,False,False,False,False,False,False,False,False,False,False,False,False,False,False,Male,26-30,Yes,,,,
700,Resignation-Other reasons,11/2013,2010.0,2010.0,Cleaner,,Central Queensland,,Permanent Part-time,False,False,False,False,False,False,False,False,False,False,False,False,False,False,False,True,False,False,Female,41-45,,,,,
702,Resignation-Other employer,11/2013,2007.0,2013.0,Other,,Central Office,Information and Technologies,Casual,True,False,False,False,False,False,False,False,False,False,False,False,False,False,False,False,False,False,Male,21-25,,,,,
703,Resignation-Other reasons,08/2013,1988.0,1988.0,Teacher,Primary,Central Queensland,,Permanent Part-time,False,True,False,False,False,False,False,False,False,False,False,False,False,False,False,False,False,False,Female,46-50,,,,,
705,Resignation-Move overseas/interstate,10/2013,2013.0,2013.0,Public Servant,A01-A04,Central Office,"Policy, Research, Legislation",Permanent Full-time,False,False,True,False,True,False,False,False,False,False,False,False,False,False,False,False,False,False,Female,51-55,,,,,
706,Resignation-Other reasons,,2006.0,2007.0,Teacher Aide,,Darling Downs South West,,Permanent Full-time,False,False,False,False,False,False,False,False,False,False,False,True,True,False,False,False,False,False,Female,41-45,,,,,
711,Resignation-Other employer,,,,Teacher,Primary,Central Office,Education Queensland,Permanent Full-time,False,True,False,False,False,False,False,False,False,False,False,False,False,False,False,True,True,False,Female,51-55,,,,,
714,Resignation-Other reasons,12/2013,,,Teacher Aide,,Metropolitan,,Permanent Part-time,False,False,False,False,False,False,False,False,False,False,True,False,False,False,False,False,False,False,Female,61 or older,,,,,
718,Resignation-Other reasons,12/2013,2000.0,2001.0,Teacher Aide,,Metropolitan,,Permanent Part-time,False,False,False,False,False,False,False,False,False,False,False,False,False,False,False,True,False,False,Female,51-55,,,,,
726,Resignation-Other reasons,,1984.0,,Teacher,Primary,Darling Downs South West,,Permanent Full-time,False,False,False,False,False,False,False,False,False,False,False,False,True,False,False,False,False,False,Female,46-50,,,,,
728,Resignation-Other employer,01/2014,1975.0,1987.0,Head of Curriculum/Head of Special Education,,Far North Queensland,,Permanent Full-time,False,False,False,False,False,False,False,True,False,False,False,False,False,False,False,True,False,False,Male,56-60,,,,,
729,Resignation-Other reasons,01/2014,1980.0,2003.0,Teacher,Secondary,North Queensland,,Permanent Full-time,False,False,False,False,False,False,False,False,False,False,False,True,False,False,False,True,False,False,Female,51-55,,,,,
732,Resignation-Other employer,12/2013,1999.0,1999.0,Teacher Aide,,,,Permanent Part-time,False,False,False,False,False,False,False,True,False,False,False,False,False,False,False,False,False,False,Female,46-50,,,,,
733,Resignation-Other reasons,01/2014,1992.0,1997.0,Technical Officer,,Central Queensland,,Permanent Full-time,False,False,False,False,True,False,True,False,False,False,False,False,False,False,False,False,True,False,Male,56-60,,,,,
737,Resignation-Move overseas/interstate,10/2013,2006.0,,Cleaner,,Darling Downs South West,,Permanent Full-time,False,False,False,False,False,False,False,False,False,False,True,True,False,True,False,False,False,False,Female,61 or older,,,,,
739,Resignation-Other reasons,10/2013,1999.0,2004.0,Teacher,Special Education,South East,,Permanent Part-time,False,False,False,False,False,False,False,False,False,False,False,False,False,True,False,False,False,False,Male,56-60,,,,,
746,Resignation-Other employer,12/2013,1991.0,2004.0,Public Servant,A01-A04,Central Office,Information and Technologies,Permanent Full-time,False,False,False,False,False,False,False,False,True,False,False,False,False,False,False,False,False,False,Female,41-45,,,,,
749,Resignation-Move overseas/interstate,01/2014,2008.0,2008.0,Teacher,Primary,North Coast,,Permanent Full-time,False,False,False,False,False,False,False,False,False,False,True,True,False,False,False,False,False,False,Female,41-45,,,,,
753,Resignation-Other reasons,12/2013,2005.0,2005.0,Cleaner,,Central Office,Education Queensland,Permanent Part-time,False,False,False,True,False,False,False,False,False,False,False,False,False,False,False,False,False,False,Male,61 or older,,,,,
754,Resignation-Other reasons,11/2013,1998.0,,Teacher Aide,,Darling Downs South West,,Permanent Part-time,False,False,False,False,False,False,False,False,False,False,False,False,False,True,True,False,False,False,Female,46-50,,,,Yes,
755,Resignation-Other employer,11/2013,2004.0,2011.0,Teacher,Primary,Central Queensland,,Permanent Full-time,False,False,False,True,False,False,False,False,False,False,False,False,False,True,False,True,False,False,Female,31-35,,,,,
757,Resignation-Other employer,12/2013,2012.0,2013.0,Teacher,Primary,Central Queensland,,Permanent Part-time,False,False,False,False,False,False,False,False,False,False,False,False,False,False,False,False,False,True,Female,41-45,,,,,
764,Resignation-Other employer,07/2006,2006.0,2006.0,Teacher,Primary,Metropolitan,,Permanent Part-time,False,True,False,False,False,False,False,False,False,False,False,False,False,False,False,False,False,False,Female,41-45,,,,,
768,Resignation-Other employer,01/2014,2007.0,2007.0,Teacher,Primary,Metropolitan,,Permanent Full-time,False,True,False,False,False,False,False,False,False,False,False,False,False,False,False,False,False,False,Male,26-30,,,,,
771,Resignation-Other reasons,11/2013,2008.0,,Teacher Aide,,South East,,Permanent Full-time,False,False,False,False,False,False,False,False,False,False,False,False,False,True,False,False,False,False,Female,46-50,,,,,
772,Resignation-Other reasons,,1987.0,1987.0,Cleaner,,Darling Downs South West,,Permanent Part-time,False,False,False,False,False,False,False,False,False,False,False,False,False,False,False,False,False,True,Female,61 or older,,,,,
773,Resignation-Other employer,01/2014,2002.0,2007.0,Head of Curriculum/Head of Special Education,,Central Queensland,,Permanent Full-time,False,True,False,False,False,False,False,False,False,False,False,False,False,False,False,False,False,False,Male,36-40,,,,,
776,Resignation-Other employer,,2005.0,2005.0,Teacher Aide,,Central Queensland,,Permanent Part-time,False,False,False,False,False,False,False,False,False,False,False,False,False,False,False,False,False,True,Female,41-45,,,,,
786,Resignation-Other reasons,10/2013,2013.0,2013.0,Teacher,Secondary,Central Queensland,,Permanent Full-time,False,True,False,True,False,False,True,False,False,False,False,False,False,False,False,True,False,False,Female,21-25,,,,,
788,Resignation-Other employer,01/2014,1994.0,2008.0,Teacher,Secondary,Darling Downs South West,,Permanent Full-time,False,True,False,True,False,False,False,True,False,False,False,False,False,False,False,False,False,False,Female,41-45,,,,,
790,Resignation-Other employer,,1990.0,2010.0,Teacher,Secondary,Metropolitan,,Permanent Full-time,False,True,False,False,False,False,False,False,False,False,False,False,False,False,False,False,False,False,Female,41-45,,,,,
791,Resignation-Other reasons,01/2014,1983.0,1999.0,"School Based Professional Staff (Therapist, nurse, etc)",,Metropolitan,,Permanent Part-time,False,False,False,False,False,False,False,False,False,False,False,False,False,False,False,False,False,True,Female,51-55,,,,,
792,Resignation-Other reasons,01/2014,2008.0,2008.0,Teacher,Secondary,North Coast,,Permanent Full-time,False,False,False,False,False,False,True,False,False,True,False,False,False,False,False,False,True,False,Male,36-40,,,,,
793,Resignation-Other reasons,,2007.0,2007.0,Public Servant,A01-A04,Metropolitan,,Permanent Part-time,False,False,False,False,False,False,True,False,False,False,False,False,False,False,False,False,False,False,Female,46-50,,,,,
796,Resignation-Move overseas/interstate,11/2013,,,Cleaner,,,,Permanent Part-time,True,False,False,False,False,False,False,False,False,False,False,True,False,False,False,False,False,False,Female,36-40,,,,,
799,Resignation-Move overseas/interstate,,2000.0,2013.0,Public Servant,A01-A04,South East,,Permanent Part-time,False,False,False,False,False,False,False,False,False,False,True,True,False,False,False,False,False,False,Female,36-40,,,,,
800,Resignation-Move overseas/interstate,,1995.0,,Teacher Aide,,Darling Downs South West,,Permanent Part-time,False,False,False,False,False,False,False,False,False,False,False,False,False,False,False,False,False,False,Female,36-40,,,,,
804,Resignation-Move overseas/interstate,12/2013,,,Teacher Aide,,Metropolitan,,Permanent Part-time,False,False,False,False,False,False,False,False,False,False,False,True,False,False,False,False,False,False,,,,,,,
805,Resignation-Other employer,01/2014,2004.0,2007.0,Teacher,Primary,Darling Downs South West,,Permanent Full-time,False,True,False,False,False,False,False,False,False,False,False,False,False,False,False,False,False,False,Female,46-50,,,,,
806,Resignation-Other employer,01/2014,2008.0,2013.0,Teacher,Primary,Darling Downs South West,,Permanent Part-time,False,True,False,False,False,False,False,False,False,False,False,False,False,False,False,False,False,False,Female,26-30,,,,,
808,Resignation-Other employer,12/2013,2005.0,2005.0,Cleaner,,Central Queensland,,Permanent Part-time,False,False,False,False,False,False,False,False,False,False,False,True,False,False,False,False,False,False,Female,41-45,,,,,
809,Resignation-Other reasons,12/2013,2004.0,2004.0,Teacher,Primary,Central Queensland,,Permanent Full-time,False,False,False,False,True,False,False,False,False,False,False,False,False,False,False,True,False,False,Female,36-40,,,,,
810,Resignation-Other reasons,12/2013,2010.0,2010.0,Teacher Aide,,,,Permanent Part-time,False,False,False,False,False,False,False,False,False,False,True,False,False,False,False,False,False,False,Female,26-30,,,,,
817,Resignation-Other employer,01/2014,2012.0,2012.0,Teacher,Primary,Far North Queensland,,Permanent Full-time,False,True,False,False,False,False,False,False,False,False,False,False,False,False,False,False,False,False,Male,21-25,,,,,
818,Resignation-Move overseas/interstate,01/2014,2012.0,2012.0,Teacher,Secondary,North Coast,,Permanent Full-time,False,False,False,False,False,False,False,False,False,False,False,False,True,False,False,False,False,False,Female,21-25,,,,,
821,Resignation-Move overseas/interstate,01/2014,2009.0,2009.0,Public Servant,A01-A04,Central Office,Education Queensland,Permanent Full-time,False,False,False,False,False,False,False,False,False,False,True,True,False,False,False,True,False,False,Female,31-35,,,,,
823,Resignation-Move overseas/interstate,12/2013,,,Teacher Aide,,Metropolitan,,,False,False,False,False,False,False,False,False,False,False,False,False,False,False,False,False,False,False,,,,,,,
